CREATE DATABASE  IF NOT EXISTS `hms` /*!40100 DEFAULT CHARACTER SET utf8 */ /*!80016 DEFAULT ENCRYPTION='N' */;
USE `hms`;
-- MySQL dump 10.13  Distrib 8.0.27, for Win64 (x86_64)
--
-- Host: localhost    Database: hms
-- ------------------------------------------------------
-- Server version	8.0.27

/*!40101 SET @OLD_CHARACTER_SET_CLIENT=@@CHARACTER_SET_CLIENT */;
/*!40101 SET @OLD_CHARACTER_SET_RESULTS=@@CHARACTER_SET_RESULTS */;
/*!40101 SET @OLD_COLLATION_CONNECTION=@@COLLATION_CONNECTION */;
/*!50503 SET NAMES utf8 */;
/*!40103 SET @OLD_TIME_ZONE=@@TIME_ZONE */;
/*!40103 SET TIME_ZONE='+00:00' */;
/*!40014 SET @OLD_UNIQUE_CHECKS=@@UNIQUE_CHECKS, UNIQUE_CHECKS=0 */;
/*!40014 SET @OLD_FOREIGN_KEY_CHECKS=@@FOREIGN_KEY_CHECKS, FOREIGN_KEY_CHECKS=0 */;
/*!40101 SET @OLD_SQL_MODE=@@SQL_MODE, SQL_MODE='NO_AUTO_VALUE_ON_ZERO' */;
/*!40111 SET @OLD_SQL_NOTES=@@SQL_NOTES, SQL_NOTES=0 */;

--
-- Table structure for table `brand`
--

DROP TABLE IF EXISTS `brand`;
/*!40101 SET @saved_cs_client     = @@character_set_client */;
/*!50503 SET character_set_client = utf8mb4 */;
CREATE TABLE `brand` (
  `id` int NOT NULL AUTO_INCREMENT,
  `name` varchar(45) NOT NULL,
  PRIMARY KEY (`id`)
) ENGINE=InnoDB AUTO_INCREMENT=3 DEFAULT CHARSET=utf8mb3;
/*!40101 SET character_set_client = @saved_cs_client */;

--
-- Dumping data for table `brand`
--

LOCK TABLES `brand` WRITE;
/*!40000 ALTER TABLE `brand` DISABLE KEYS */;
INSERT INTO `brand` VALUES (1,'Nestlee'),(2,'Ambewela');
/*!40000 ALTER TABLE `brand` ENABLE KEYS */;
UNLOCK TABLES;

--
-- Table structure for table `category`
--

DROP TABLE IF EXISTS `category`;
/*!40101 SET @saved_cs_client     = @@character_set_client */;
/*!50503 SET character_set_client = utf8mb4 */;
CREATE TABLE `category` (
  `id` int NOT NULL AUTO_INCREMENT,
  `name` varchar(45) NOT NULL,
  PRIMARY KEY (`id`)
) ENGINE=InnoDB AUTO_INCREMENT=2 DEFAULT CHARSET=utf8mb3;
/*!40101 SET character_set_client = @saved_cs_client */;

--
-- Dumping data for table `category`
--

LOCK TABLES `category` WRITE;
/*!40000 ALTER TABLE `category` DISABLE KEYS */;
INSERT INTO `category` VALUES (1,'Beverage');
/*!40000 ALTER TABLE `category` ENABLE KEYS */;
UNLOCK TABLES;

--
-- Table structure for table `city`
--

DROP TABLE IF EXISTS `city`;
/*!40101 SET @saved_cs_client     = @@character_set_client */;
/*!50503 SET character_set_client = utf8mb4 */;
CREATE TABLE `city` (
  `id` int NOT NULL AUTO_INCREMENT,
  `name` varchar(45) NOT NULL,
  PRIMARY KEY (`id`)
) ENGINE=InnoDB AUTO_INCREMENT=6 DEFAULT CHARSET=utf8mb3;
/*!40101 SET character_set_client = @saved_cs_client */;

--
-- Dumping data for table `city`
--

LOCK TABLES `city` WRITE;
/*!40000 ALTER TABLE `city` DISABLE KEYS */;
INSERT INTO `city` VALUES (1,'Gampaha'),(2,'Colombo'),(3,'Kadawatha'),(4,'Kiribathgoda'),(5,'Galle');
/*!40000 ALTER TABLE `city` ENABLE KEYS */;
UNLOCK TABLES;

--
-- Table structure for table `company`
--

DROP TABLE IF EXISTS `company`;
/*!40101 SET @saved_cs_client     = @@character_set_client */;
/*!50503 SET character_set_client = utf8mb4 */;
CREATE TABLE `company` (
  `id` int NOT NULL AUTO_INCREMENT,
  `name` varchar(45) NOT NULL,
  `contact_number` varchar(10) NOT NULL,
  PRIMARY KEY (`id`)
) ENGINE=InnoDB AUTO_INCREMENT=4 DEFAULT CHARSET=utf8mb3;
/*!40101 SET character_set_client = @saved_cs_client */;

--
-- Dumping data for table `company`
--

LOCK TABLES `company` WRITE;
/*!40000 ALTER TABLE `company` DISABLE KEYS */;
INSERT INTO `company` VALUES (1,'Nestle-1','0754306610'),(2,'Munchee','0332257027'),(3,'Maliban','0112354561');
/*!40000 ALTER TABLE `company` ENABLE KEYS */;
UNLOCK TABLES;

--
-- Table structure for table `company_branch`
--

DROP TABLE IF EXISTS `company_branch`;
/*!40101 SET @saved_cs_client     = @@character_set_client */;
/*!50503 SET character_set_client = utf8mb4 */;
CREATE TABLE `company_branch` (
  `id` int NOT NULL AUTO_INCREMENT,
  `company_id` int NOT NULL,
  `branch_contact_number` varchar(10) NOT NULL,
  `name` varchar(45) NOT NULL,
  `company_branch_address_id` int NOT NULL,
  PRIMARY KEY (`id`),
  KEY `fk_company_branch_company1_idx` (`company_id`),
  KEY `fk_company_branch_company_branch_address1_idx` (`company_branch_address_id`),
  CONSTRAINT `fk_company_branch_company1` FOREIGN KEY (`company_id`) REFERENCES `company` (`id`),
  CONSTRAINT `fk_company_branch_company_branch_address1` FOREIGN KEY (`company_branch_address_id`) REFERENCES `company_branch_address` (`id`)
) ENGINE=InnoDB AUTO_INCREMENT=4 DEFAULT CHARSET=utf8mb3;
/*!40101 SET character_set_client = @saved_cs_client */;

--
-- Dumping data for table `company_branch`
--

LOCK TABLES `company_branch` WRITE;
/*!40000 ALTER TABLE `company_branch` DISABLE KEYS */;
INSERT INTO `company_branch` VALUES (1,3,'0752726222','Maliban -Kadawatha',6),(2,3,'0752726222','Maliban -Kadawatha',6),(3,3,'0752726222','Maliban - kirillawala',6);
/*!40000 ALTER TABLE `company_branch` ENABLE KEYS */;
UNLOCK TABLES;

--
-- Table structure for table `company_branch_address`
--

DROP TABLE IF EXISTS `company_branch_address`;
/*!40101 SET @saved_cs_client     = @@character_set_client */;
/*!50503 SET character_set_client = utf8mb4 */;
CREATE TABLE `company_branch_address` (
  `id` int NOT NULL AUTO_INCREMENT,
  `line1` text NOT NULL,
  `line2` text NOT NULL,
  `city_id` int NOT NULL,
  `unique_id` varchar(50) DEFAULT NULL,
  PRIMARY KEY (`id`),
  KEY `fk_company_branch_address_city1_idx` (`city_id`),
  CONSTRAINT `fk_company_branch_address_city1` FOREIGN KEY (`city_id`) REFERENCES `city` (`id`)
) ENGINE=InnoDB AUTO_INCREMENT=7 DEFAULT CHARSET=utf8mb3;
/*!40101 SET character_set_client = @saved_cs_client */;

--
-- Dumping data for table `company_branch_address`
--

LOCK TABLES `company_branch_address` WRITE;
/*!40000 ALTER TABLE `company_branch_address` DISABLE KEYS */;
INSERT INTO `company_branch_address` VALUES (1,'131','Gampaha',1,NULL),(2,'364/B','Kandy Road, Kadawatha',3,NULL),(3,'131/2','Gampaha',1,'1654757493782-1'),(4,'548/D','Kirillawala',1,'1654757959875-1'),(5,'658/D','Kirillawala',1,'1654758170007-1'),(6,'123/B','Kirillawala',3,'1654758202208-1');
/*!40000 ALTER TABLE `company_branch_address` ENABLE KEYS */;
UNLOCK TABLES;

--
-- Table structure for table `customer`
--

DROP TABLE IF EXISTS `customer`;
/*!40101 SET @saved_cs_client     = @@character_set_client */;
/*!50503 SET character_set_client = utf8mb4 */;
CREATE TABLE `customer` (
  `id` int NOT NULL AUTO_INCREMENT,
  `name` varchar(45) NOT NULL,
  `contact_number` varchar(10) NOT NULL,
  `city_id` int NOT NULL,
  PRIMARY KEY (`id`),
  KEY `fk_customer_city1_idx` (`city_id`),
  CONSTRAINT `fk_customer_city1` FOREIGN KEY (`city_id`) REFERENCES `city` (`id`)
) ENGINE=InnoDB DEFAULT CHARSET=utf8mb3;
/*!40101 SET character_set_client = @saved_cs_client */;

--
-- Dumping data for table `customer`
--

LOCK TABLES `customer` WRITE;
/*!40000 ALTER TABLE `customer` DISABLE KEYS */;
/*!40000 ALTER TABLE `customer` ENABLE KEYS */;
UNLOCK TABLES;

--
-- Table structure for table `grn`
--

DROP TABLE IF EXISTS `grn`;
/*!40101 SET @saved_cs_client     = @@character_set_client */;
/*!50503 SET character_set_client = utf8mb4 */;
CREATE TABLE `grn` (
  `id` int NOT NULL AUTO_INCREMENT,
  `supplier_id` int NOT NULL,
  `date_time` datetime NOT NULL,
  `user_id` int NOT NULL,
  PRIMARY KEY (`id`),
  KEY `fk_grn_supplier1_idx` (`supplier_id`),
  KEY `fk_grn_user1_idx` (`user_id`),
  CONSTRAINT `fk_grn_supplier1` FOREIGN KEY (`supplier_id`) REFERENCES `supplier` (`id`),
  CONSTRAINT `fk_grn_user1` FOREIGN KEY (`user_id`) REFERENCES `user` (`id`)
) ENGINE=InnoDB DEFAULT CHARSET=utf8mb3;
/*!40101 SET character_set_client = @saved_cs_client */;

--
-- Dumping data for table `grn`
--

LOCK TABLES `grn` WRITE;
/*!40000 ALTER TABLE `grn` DISABLE KEYS */;
/*!40000 ALTER TABLE `grn` ENABLE KEYS */;
UNLOCK TABLES;

--
-- Table structure for table `grn_item`
--

DROP TABLE IF EXISTS `grn_item`;
/*!40101 SET @saved_cs_client     = @@character_set_client */;
/*!50503 SET character_set_client = utf8mb4 */;
CREATE TABLE `grn_item` (
  `id` int NOT NULL AUTO_INCREMENT,
  `quantity` int NOT NULL,
  `buying_price` double NOT NULL,
  `grn_id` int NOT NULL,
  `stock_id` int NOT NULL,
  PRIMARY KEY (`id`),
  KEY `fk_grn_item_grn1_idx` (`grn_id`),
  KEY `fk_grn_item_stock1_idx` (`stock_id`),
  CONSTRAINT `fk_grn_item_grn1` FOREIGN KEY (`grn_id`) REFERENCES `grn` (`id`),
  CONSTRAINT `fk_grn_item_stock1` FOREIGN KEY (`stock_id`) REFERENCES `stock` (`id`)
) ENGINE=InnoDB DEFAULT CHARSET=utf8mb3;
/*!40101 SET character_set_client = @saved_cs_client */;

--
-- Dumping data for table `grn_item`
--

LOCK TABLES `grn_item` WRITE;
/*!40000 ALTER TABLE `grn_item` DISABLE KEYS */;
/*!40000 ALTER TABLE `grn_item` ENABLE KEYS */;
UNLOCK TABLES;

--
-- Table structure for table `grn_payment`
--

DROP TABLE IF EXISTS `grn_payment`;
/*!40101 SET @saved_cs_client     = @@character_set_client */;
/*!50503 SET character_set_client = utf8mb4 */;
CREATE TABLE `grn_payment` (
  `id` int NOT NULL AUTO_INCREMENT,
  `grn_id` int NOT NULL,
  `payment_type_id` int NOT NULL,
  `payment` double NOT NULL,
  `balance` double NOT NULL,
  PRIMARY KEY (`id`),
  KEY `fk_grn_payment_grn1_idx` (`grn_id`),
  KEY `fk_grn_payment_payment_type1_idx` (`payment_type_id`),
  CONSTRAINT `fk_grn_payment_grn1` FOREIGN KEY (`grn_id`) REFERENCES `grn` (`id`),
  CONSTRAINT `fk_grn_payment_payment_type1` FOREIGN KEY (`payment_type_id`) REFERENCES `payment_type` (`id`)
) ENGINE=InnoDB DEFAULT CHARSET=utf8mb3;
/*!40101 SET character_set_client = @saved_cs_client */;

--
-- Dumping data for table `grn_payment`
--

LOCK TABLES `grn_payment` WRITE;
/*!40000 ALTER TABLE `grn_payment` DISABLE KEYS */;
/*!40000 ALTER TABLE `grn_payment` ENABLE KEYS */;
UNLOCK TABLES;

--
-- Table structure for table `invoice`
--

DROP TABLE IF EXISTS `invoice`;
/*!40101 SET @saved_cs_client     = @@character_set_client */;
/*!50503 SET character_set_client = utf8mb4 */;
CREATE TABLE `invoice` (
  `id` int NOT NULL AUTO_INCREMENT,
  `customer_id` int NOT NULL,
  `date_time` datetime NOT NULL,
  `user_id` int NOT NULL,
  PRIMARY KEY (`id`),
  KEY `fk_invoice_customer1_idx` (`customer_id`),
  KEY `fk_invoice_user1_idx` (`user_id`),
  CONSTRAINT `fk_invoice_customer1` FOREIGN KEY (`customer_id`) REFERENCES `customer` (`id`),
  CONSTRAINT `fk_invoice_user1` FOREIGN KEY (`user_id`) REFERENCES `user` (`id`)
) ENGINE=InnoDB DEFAULT CHARSET=utf8mb3;
/*!40101 SET character_set_client = @saved_cs_client */;

--
-- Dumping data for table `invoice`
--

LOCK TABLES `invoice` WRITE;
/*!40000 ALTER TABLE `invoice` DISABLE KEYS */;
/*!40000 ALTER TABLE `invoice` ENABLE KEYS */;
UNLOCK TABLES;

--
-- Table structure for table `invoice_item`
--

DROP TABLE IF EXISTS `invoice_item`;
/*!40101 SET @saved_cs_client     = @@character_set_client */;
/*!50503 SET character_set_client = utf8mb4 */;
CREATE TABLE `invoice_item` (
  `id` int NOT NULL AUTO_INCREMENT,
  `stock_id` int NOT NULL,
  `qty` varchar(45) NOT NULL,
  `invoice_id` int NOT NULL,
  PRIMARY KEY (`id`),
  KEY `fk_invoice_item_stock1_idx` (`stock_id`),
  KEY `fk_invoice_item_invoice1_idx` (`invoice_id`),
  CONSTRAINT `fk_invoice_item_invoice1` FOREIGN KEY (`invoice_id`) REFERENCES `invoice` (`id`),
  CONSTRAINT `fk_invoice_item_stock1` FOREIGN KEY (`stock_id`) REFERENCES `stock` (`id`)
) ENGINE=InnoDB DEFAULT CHARSET=utf8mb3;
/*!40101 SET character_set_client = @saved_cs_client */;

--
-- Dumping data for table `invoice_item`
--

LOCK TABLES `invoice_item` WRITE;
/*!40000 ALTER TABLE `invoice_item` DISABLE KEYS */;
/*!40000 ALTER TABLE `invoice_item` ENABLE KEYS */;
UNLOCK TABLES;

--
-- Table structure for table `invoice_payment`
--

DROP TABLE IF EXISTS `invoice_payment`;
/*!40101 SET @saved_cs_client     = @@character_set_client */;
/*!50503 SET character_set_client = utf8mb4 */;
CREATE TABLE `invoice_payment` (
  `id` int NOT NULL AUTO_INCREMENT,
  `invoice_id` int NOT NULL,
  `payment_type_id` int NOT NULL,
  `payment` double NOT NULL,
  `balance` double NOT NULL,
  PRIMARY KEY (`id`),
  KEY `fk_invoice_payment_invoice1_idx` (`invoice_id`),
  KEY `fk_invoice_payment_payment_type1_idx` (`payment_type_id`),
  CONSTRAINT `fk_invoice_payment_invoice1` FOREIGN KEY (`invoice_id`) REFERENCES `invoice` (`id`),
  CONSTRAINT `fk_invoice_payment_payment_type1` FOREIGN KEY (`payment_type_id`) REFERENCES `payment_type` (`id`)
) ENGINE=InnoDB DEFAULT CHARSET=utf8mb3;
/*!40101 SET character_set_client = @saved_cs_client */;

--
-- Dumping data for table `invoice_payment`
--

LOCK TABLES `invoice_payment` WRITE;
/*!40000 ALTER TABLE `invoice_payment` DISABLE KEYS */;
/*!40000 ALTER TABLE `invoice_payment` ENABLE KEYS */;
UNLOCK TABLES;

--
-- Table structure for table `payment_type`
--

DROP TABLE IF EXISTS `payment_type`;
/*!40101 SET @saved_cs_client     = @@character_set_client */;
/*!50503 SET character_set_client = utf8mb4 */;
CREATE TABLE `payment_type` (
  `id` int NOT NULL AUTO_INCREMENT,
  `name` varchar(45) NOT NULL,
  PRIMARY KEY (`id`)
) ENGINE=InnoDB DEFAULT CHARSET=utf8mb3;
/*!40101 SET character_set_client = @saved_cs_client */;

--
-- Dumping data for table `payment_type`
--

LOCK TABLES `payment_type` WRITE;
/*!40000 ALTER TABLE `payment_type` DISABLE KEYS */;
/*!40000 ALTER TABLE `payment_type` ENABLE KEYS */;
UNLOCK TABLES;

--
-- Table structure for table `product`
--

DROP TABLE IF EXISTS `product`;
/*!40101 SET @saved_cs_client     = @@character_set_client */;
/*!50503 SET character_set_client = utf8mb4 */;
CREATE TABLE `product` (
  `id` int NOT NULL AUTO_INCREMENT,
  `category_id` int NOT NULL,
  `brand_id` int NOT NULL,
  `name` varchar(100) NOT NULL,
  PRIMARY KEY (`id`),
  KEY `fk_product_category1_idx` (`category_id`),
  KEY `fk_product_brand1_idx` (`brand_id`),
  CONSTRAINT `fk_product_brand1` FOREIGN KEY (`brand_id`) REFERENCES `brand` (`id`),
  CONSTRAINT `fk_product_category1` FOREIGN KEY (`category_id`) REFERENCES `category` (`id`)
) ENGINE=InnoDB AUTO_INCREMENT=3 DEFAULT CHARSET=utf8mb3;
/*!40101 SET character_set_client = @saved_cs_client */;

--
-- Dumping data for table `product`
--

LOCK TABLES `product` WRITE;
/*!40000 ALTER TABLE `product` DISABLE KEYS */;
INSERT INTO `product` VALUES (1,1,1,'Milo'),(2,1,2,'Nescafe-Cold');
/*!40000 ALTER TABLE `product` ENABLE KEYS */;
UNLOCK TABLES;

--
-- Table structure for table `stock`
--

DROP TABLE IF EXISTS `stock`;
/*!40101 SET @saved_cs_client     = @@character_set_client */;
/*!50503 SET character_set_client = utf8mb4 */;
CREATE TABLE `stock` (
  `id` int NOT NULL AUTO_INCREMENT,
  `product_id` int NOT NULL,
  `quantity` int NOT NULL,
  `selling_price` double NOT NULL,
  `mfd` date NOT NULL,
  `exd` date NOT NULL,
  PRIMARY KEY (`id`),
  KEY `fk_stock_product1_idx` (`product_id`),
  CONSTRAINT `fk_stock_product1` FOREIGN KEY (`product_id`) REFERENCES `product` (`id`)
) ENGINE=InnoDB DEFAULT CHARSET=utf8mb3;
/*!40101 SET character_set_client = @saved_cs_client */;

--
-- Dumping data for table `stock`
--

LOCK TABLES `stock` WRITE;
/*!40000 ALTER TABLE `stock` DISABLE KEYS */;
/*!40000 ALTER TABLE `stock` ENABLE KEYS */;
UNLOCK TABLES;

--
-- Table structure for table `supplier`
--

DROP TABLE IF EXISTS `supplier`;
/*!40101 SET @saved_cs_client     = @@character_set_client */;
/*!50503 SET character_set_client = utf8mb4 */;
CREATE TABLE `supplier` (
  `id` int NOT NULL AUTO_INCREMENT,
  `name` varchar(45) NOT NULL,
  `contact_number` varchar(10) NOT NULL,
  `email` varchar(45) NOT NULL,
  `company_branch_id` int NOT NULL,
  PRIMARY KEY (`id`),
  KEY `fk_supplier_company_branch1_idx` (`company_branch_id`),
  CONSTRAINT `fk_supplier_company_branch1` FOREIGN KEY (`company_branch_id`) REFERENCES `company_branch` (`id`)
) ENGINE=InnoDB AUTO_INCREMENT=2 DEFAULT CHARSET=utf8mb3;
/*!40101 SET character_set_client = @saved_cs_client */;

--
-- Dumping data for table `supplier`
--

LOCK TABLES `supplier` WRITE;
/*!40000 ALTER TABLE `supplier` DISABLE KEYS */;
INSERT INTO `supplier` VALUES (1,'Sandaru','0701794934','sandaru@gmail.com',2);
/*!40000 ALTER TABLE `supplier` ENABLE KEYS */;
UNLOCK TABLES;

--
-- Table structure for table `user`
--

DROP TABLE IF EXISTS `user`;
/*!40101 SET @saved_cs_client     = @@character_set_client */;
/*!50503 SET character_set_client = utf8mb4 */;
CREATE TABLE `user` (
  `id` int NOT NULL AUTO_INCREMENT,
  `name` varchar(45) NOT NULL,
  `username` varchar(45) NOT NULL,
  `password` varchar(45) NOT NULL,
  `contact_number` varchar(10) NOT NULL,
  `user_type_id` int NOT NULL,
  `user_status_id` int NOT NULL DEFAULT '1',
  `city_id` int NOT NULL,
  PRIMARY KEY (`id`),
  KEY `fk_user_user_type_idx` (`user_type_id`),
  KEY `fk_user_user_status1_idx` (`user_status_id`),
  KEY `fk_user_city1_idx` (`city_id`),
  CONSTRAINT `fk_user_city1` FOREIGN KEY (`city_id`) REFERENCES `city` (`id`),
  CONSTRAINT `fk_user_user_status1` FOREIGN KEY (`user_status_id`) REFERENCES `user_status` (`id`),
  CONSTRAINT `fk_user_user_type` FOREIGN KEY (`user_type_id`) REFERENCES `user_type` (`id`)
) ENGINE=InnoDB AUTO_INCREMENT=8 DEFAULT CHARSET=utf8mb3;
/*!40101 SET character_set_client = @saved_cs_client */;

--
-- Dumping data for table `user`
--

LOCK TABLES `user` WRITE;
/*!40000 ALTER TABLE `user` DISABLE KEYS */;
INSERT INTO `user` VALUES (1,'Sandaru','sandaru','123','0701794934',1,1,1),(2,'Dilshan','dilshan','123','0754306610',1,1,2),(3,'Madhu','madhu','12345','0752726222',2,1,1),(4,'Guna','guna','123','0716444516',1,1,2),(5,'Bruce','bruce','12345','0788764949',2,1,2),(6,'Clark','clark','12345','0703322570',3,1,3),(7,'Diana','Diana','789','0784515115',3,1,3);
/*!40000 ALTER TABLE `user` ENABLE KEYS */;
UNLOCK TABLES;

--
-- Table structure for table `user_status`
--

DROP TABLE IF EXISTS `user_status`;
/*!40101 SET @saved_cs_client     = @@character_set_client */;
/*!50503 SET character_set_client = utf8mb4 */;
CREATE TABLE `user_status` (
  `id` int NOT NULL AUTO_INCREMENT,
  `name` varchar(45) NOT NULL,
  PRIMARY KEY (`id`)
) ENGINE=InnoDB AUTO_INCREMENT=3 DEFAULT CHARSET=utf8mb3;
/*!40101 SET character_set_client = @saved_cs_client */;

--
-- Dumping data for table `user_status`
--

LOCK TABLES `user_status` WRITE;
/*!40000 ALTER TABLE `user_status` DISABLE KEYS */;
INSERT INTO `user_status` VALUES (1,'Active'),(2,'Inactive');
/*!40000 ALTER TABLE `user_status` ENABLE KEYS */;
UNLOCK TABLES;

--
-- Table structure for table `user_type`
--

DROP TABLE IF EXISTS `user_type`;
/*!40101 SET @saved_cs_client     = @@character_set_client */;
/*!50503 SET character_set_client = utf8mb4 */;
CREATE TABLE `user_type` (
  `id` int NOT NULL AUTO_INCREMENT,
  `name` varchar(45) NOT NULL,
  PRIMARY KEY (`id`)
) ENGINE=InnoDB AUTO_INCREMENT=5 DEFAULT CHARSET=utf8mb3;
/*!40101 SET character_set_client = @saved_cs_client */;

--
-- Dumping data for table `user_type`
--

LOCK TABLES `user_type` WRITE;
/*!40000 ALTER TABLE `user_type` DISABLE KEYS */;
INSERT INTO `user_type` VALUES (1,'Admin'),(2,'Manager'),(3,'Receptionist'),(4,'Cook');
/*!40000 ALTER TABLE `user_type` ENABLE KEYS */;
UNLOCK TABLES;
/*!40103 SET TIME_ZONE=@OLD_TIME_ZONE */;

/*!40101 SET SQL_MODE=@OLD_SQL_MODE */;
/*!40014 SET FOREIGN_KEY_CHECKS=@OLD_FOREIGN_KEY_CHECKS */;
/*!40014 SET UNIQUE_CHECKS=@OLD_UNIQUE_CHECKS */;
/*!40101 SET CHARACTER_SET_CLIENT=@OLD_CHARACTER_SET_CLIENT */;
/*!40101 SET CHARACTER_SET_RESULTS=@OLD_CHARACTER_SET_RESULTS */;
/*!40101 SET COLLATION_CONNECTION=@OLD_COLLATION_CONNECTION */;
/*!40111 SET SQL_NOTES=@OLD_SQL_NOTES */;

-- Dump completed on 2023-03-02 13:31:27
